LATITUDE,LONGITUDE
24.787437155561904,120.99785695252352
24.78815768761169,120.9952546207767
24.78778254562329,120.99853537285463
24.78778254562329,120.99853537285463
24.78774765539979,120.9984793489294
24.78774765539979,120.9984793489294
24.78774765539979,120.9984793489294
24.787654461104275,120.99832028738248
24.787654461104275,120.99832028738248
24.787654461104275,120.99832028738248
24.787654461104275,120.99832028738248
24.787654461104275,120.99832028738248
24.787654461104275,120.99832028738248
24.789244082119588,120.99796288601188
24.789244082119588,120.99796288601188
24.789244082119588,120.99796288601188
24.78756836080338,120.99817775992504
24.78756836080338,120.99817775992504
24.78843251470868,120.99526178614488
24.78843251470868,120.99526178614488
24.78843251470868,120.99526178614488
24.78843251470868,120.99526178614488
24.78756836080338,120.99817775992504
24.78756836080338,120.99817775992504
24.78756836080338,120.99817775992504
24.78756836080338,120.99817775992504
24.78753440256049,120.99812154662922
24.78753440256049,120.99812154662922
24.78753440256049,120.99812154662922
24.78753440256049,120.99812154662922
24.78815768761169,120.9952546207767
24.78753440256049,120.99812154662922
24.78780955252357,120.99857906808894
24.78780955252357,120.99857906808894
24.7879279948225,120.99876998682343
24.7879279948225,120.99876998682343
24.787870777301794,120.9952476320176
24.787870777301794,120.9952476320176
24.787870777301794,120.9952476320176
24.7879279948225,120.99876998682343
24.7879279948225,120.99876998682343
24.7879279948225,120.99876998682343
24.7879279948225,120.99876998682343
24.7879279948225,120.99876998682343
24.7879279948225,120.99876998682343
24.78948817301889,120.99766548658144
24.78948817301889,120.99766548658144
24.78944825135552,120.99771286424944
24.78944825135552,120.99771286424944
24.787866359738008,120.99867034719536
24.787866359738008,120.99867034719536
24.787866359738008,120.99867034719536
24.78944825135552,120.99771286424944
24.78944825135552,120.99771286424944
24.78944825135552,120.99771286424944
24.787866359738008,120.99867034719536
24.787866359738008,120.99867034719536
24.789410117308723,120.99775943908712
24.789410117308723,120.99775943908712
24.789410117308723,120.99775943908712
24.789410117308723,120.99775943908712
24.789410117308723,120.99775943908712
24.789410117308723,120.99775943908712
24.78780955252357,120.99857906808894
24.7879279948225,120.99876998682343
24.78753440256049,120.99812154662922
24.78753440256049,120.99812154662922
24.787657401782845,120.99586896893878
24.787437155561904,120.99785695252352
24.787437155561904,120.99785695252352
24.787437155561904,120.99785695252352
24.787437155561904,120.99785695252352
24.787437155561904,120.99785695252352
24.787437155561904,120.99785695252352
24.788842321340827,120.99527318206128
24.788842321340827,120.99527318206128
24.788842321340827,120.99527318206128
24.78743522755225,120.99779727716948
24.78743522755225,120.99779727716948
24.78743522755225,120.99779727716948
24.78890869967353,120.99527519804168
24.78890869967353,120.99527519804168
24.78890869967353,120.99527519804168
24.78743522755225,120.99779727716948
24.78743522755225,120.99779727716948
24.78743522755225,120.99779727716948
24.787428262362955,120.99769530136142
24.787428262362955,120.99769530136142
24.787428262362955,120.99769530136142
24.787428262362955,120.99769530136142
24.787428262362955,120.99769530136142
24.787428262362955,120.99769530136142
24.787428262362955,120.99769530136142
24.788920420324114,120.99835145787908
24.788920420324114,120.99835145787908
24.788920420324114,120.99835145787908
24.787437155561904,120.99785695252352
24.78753440256049,120.99812154662922
24.787437155561904,120.99785695252352
24.787437155561904,120.99785695252352
24.7885629578427,120.9952652289052
24.7890683302826,120.99817316041565
24.7890683302826,120.99817316041565
24.7890683302826,120.99817316041565
24.788633908196964,120.9952672514945
24.788633908196964,120.9952672514945
24.787447399987144,120.99803105231454
24.7890683302826,120.99817316041565
24.7890683302826,120.99817316041565
24.7890683302826,120.99817316041565
24.788633908196964,120.9952672514945
24.788633908196964,120.9952672514945
24.788633908196964,120.9952672514945
24.78744409287409,120.9979748492602
24.78744409287409,120.9979748492602
24.78744409287409,120.9979748492602
24.78744074661322,120.99791798094324
24.78744074661322,120.99791798094324
24.78869964843383,120.99526920136948
24.78869964843383,120.99526920136948
24.78869964843383,120.99526920136948
24.78869964843383,120.99526920136948
24.78900020831644,120.9982551548242
24.78900020831644,120.9982551548242
24.78900020831644,120.9982551548242
24.787437155561904,120.99785695252352
24.787437155561904,120.99785695252352
24.787437155561904,120.99785695252352
24.787437155561904,120.99785695252352
24.787437155561904,120.99785695252352
24.787428262362955,120.99769530136142
24.787447399987144,120.99803105231454
24.787961142687703,120.99882427500542
24.78959375506804,120.99685999112828
24.78959375506804,120.99685999112828
24.787675988709044,120.99551380282432
24.787675988709044,120.99551380282432
24.787675988709044,120.99551380282432
24.78835932203792,120.99944140770116
24.78835932203792,120.99944140770116
24.78835932203792,120.99944140770116
24.788322679536112,120.99940150916042
24.788322679536112,120.99940150916042
24.78966393440349,120.99711568209696
24.78966393440349,120.99711568209696
24.78966393440349,120.99711568209696
24.787685275035948,120.99535936181594
24.787685275035948,120.99535936181594
24.787685275035948,120.99535936181594
24.787732550362826,120.9952580400831
24.787732550362826,120.9952580400831
24.787732550362826,120.9952580400831
24.787732550362826,120.9952580400831
24.787732550362826,120.9952580400831
24.787732550362826,120.9952580400831
24.78828868107328,120.99935558644714
24.78828868107328,120.99935558644714
24.78828868107328,120.99935558644714
24.78825656719996,120.99930544341208
24.78825656719996,120.99930544341208
24.78825656719996,120.99930544341208
24.78825656719996,120.99930544341208
24.78959375506804,120.99685999112828
24.78825656719996,120.99930544341208
24.78959375506804,120.99685999112828
24.78959375506804,120.99685999112828
24.787657401782845,120.99586896893878
24.787657401782845,120.99586896893878
24.787657401782845,120.99586896893878
24.789575066273027,120.9967290678621
24.789575066273027,120.9967290678621
24.789575066273027,120.9967290678621
24.789575066273027,120.9967290678621
24.789575066273027,120.9967290678621
24.789575066273027,120.9967290678621
24.78765849725428,120.99582222996388
24.78765849725428,120.99582222996388
24.78765849725428,120.99582222996388
24.78765849725428,120.99582222996388
24.78765849725428,120.99582222996388
24.78765849725428,120.99582222996388
24.78765849725428,120.99582222996388
24.78765849725428,120.99582222996388
24.78765976013974,120.9957664187406
24.78765976013974,120.9957664187406
24.78765976013974,120.9957664187406
24.78765976013974,120.9957664187406
24.78765976013974,120.9957664187406
24.78765976013974,120.9957664187406
24.78959375506804,120.99685999112828
24.78959375506804,120.99685999112828
24.78959375506804,120.99685999112828
24.78959375506804,120.99685999112828
24.78959375506804,120.99685999112828
24.78959375506804,120.99685999112828
24.78959375506804,120.99685999112828
24.787961142687703,120.99882427500542
24.78825656719996,120.99930544341208
24.78825656719996,120.99930544341208
24.78809854860073,120.9990493390823
24.78809854860073,120.9990493390823
24.78809854860073,120.9990493390823
24.78809854860073,120.9990493390823
24.788057931530584,120.9989833547596
24.788057931530584,120.9989833547596
24.78968833543351,120.9974038044076
24.78968833543351,120.9974038044076
24.78968833543351,120.9974038044076
24.78967001722373,120.99745569218624
24.78967001722373,120.99745569218624
24.78967001722373,120.99745569218624
24.78967001722373,120.99745569218624
24.78967001722373,120.99745569218624
24.78967001722373,120.99745569218624
24.78967001722373,120.99745569218624
24.788057931530584,120.9989833547596
24.788057931530584,120.9989833547596
24.788057931530584,120.9989833547596
24.787991279491283,120.99887417955338
24.787991279491283,120.99887417955338
24.787991279491283,120.99887417955338
24.787991279491283,120.99887417955338
24.78783973178787,120.99524710789832
24.78783973178787,120.99524710789832
24.78783973178787,120.99524710789832
24.78783973178787,120.99524710789832
24.787961142687703,120.99882427500542
24.787447399987144,120.99803105231454
24.78809854860073,120.9990493390823
24.78825656719996,120.99930544341208
24.78809854860073,120.9990493390823
24.78809854860073,120.9990493390823
24.78825656719996,120.99930544341208
24.78825656719996,120.99930544341208
24.78825656719996,120.99930544341208
24.78825656719996,120.99930544341208
24.78825656719996,120.99930544341208
24.78825656719996,120.99930544341208
24.7897172533428,120.99726032308686
24.7897172533428,120.99726032308686
24.7897172533428,120.99726032308686
24.7897172533428,120.99726032308686
24.7897172533428,120.99726032308686
24.7897172533428,120.99726032308686
24.7897172533428,120.99726032308686
24.7897172533428,120.99726032308686
24.7897172533428,120.99726032308686
24.78809854860073,120.9990493390823
24.78809854860073,120.9990493390823
24.78809854860073,120.9990493390823
24.78809854860073,120.9990493390823
24.78809854860073,120.9990493390823
24.78809854860073,120.9990493390823
24.78809854860073,120.9990493390823
24.78968833543351,120.9974038044076
24.78968833543351,120.9974038044076
24.78968833543351,120.9974038044076
24.78809854860073,120.9990493390823
24.78809854860073,120.9990493390823
24.78809854860073,120.9990493390823
24.78809854860073,120.9990493390823
24.78809854860073,120.9990493390823
24.787428262362955,120.99769530136142
24.787657401782845,120.99586896893878
24.78740576954433,120.99764078332772
24.78751694537928,120.99682394756525
24.78751694537928,120.99682394756525
24.78751694537928,120.99682394756525
24.78751694537928,120.99682394756525
24.78753138768521,120.99677303461937
24.78753138768521,120.99677303461937
24.78753138768521,120.99677303461937
24.78753138768521,120.99677303461937
24.78753138768521,120.99677303461937
24.78753138768521,120.99677303461937
24.78753138768521,120.99677303461937
24.78753138768521,120.99677303461937
24.78753138768521,120.99677303461937
24.78754726112017,120.996714785506
24.78754726112017,120.996714785506
24.78754726112017,120.996714785506
24.78754726112017,120.996714785506
24.78759079983232,120.99654556934956
24.78759079983232,120.99654556934956
24.78759079983232,120.99654556934956
24.78759079983232,120.99654556934956
24.78759079983232,120.99654556934956
24.78759079983232,120.99654556934956
24.78759079983232,120.99654556934956
24.78759079983232,120.99654556934956
24.787600982528936,120.99648774704704
24.787600982528936,120.99648774704704
24.787600982528936,120.99648774704704
24.787600982528936,120.99648774704704
24.78751694537928,120.99682394756525
24.787600982528936,120.99648774704704
24.78751694537928,120.99682394756525
24.78751694537928,120.99682394756525
24.78874280981535,120.99872885370633
24.788735070160527,120.99878705759804
24.78748674898,120.9969559186489
24.78748674898,120.9969559186489
24.78748674898,120.9969559186489
24.78748674898,120.9969559186489
24.78748674898,120.9969559186489
24.78748674898,120.9969559186489
24.78748674898,120.9969559186489
24.78748674898,120.9969559186489
24.78748674898,120.9969559186489
24.787499023893066,120.99689933342214
24.787499023893066,120.99689933342214
24.787499023893066,120.99689933342214
24.787499023893066,120.99689933342214
24.787499023893066,120.99689933342214
24.78740576954433,120.99764078332772
24.787499023893066,120.99689933342214
24.787499023893066,120.99689933342214
24.787499023893066,120.99689933342214
24.787499023893066,120.99689933342214
24.78751694537928,120.99682394756525
24.78872101293586,120.99889247115917
24.78872101293586,120.99889247115917
24.78872101293586,120.99889247115917
24.78751694537928,120.99682394756525
24.78751694537928,120.99682394756525
24.78751694537928,120.99682394756525
24.78751694537928,120.99682394756525
24.78751694537928,120.99682394756525
24.787600982528936,120.99648774704704
24.787600982528936,120.99648774704704
24.787600982528936,120.99648774704704
24.7876367861354,120.99622942368045
24.7876367861354,120.99622942368045
24.7876367861354,120.99622942368045
24.787645691069823,120.99617920255793
24.787645691069823,120.99617920255793
24.78765191243405,120.99609847402178
24.78765191243405,120.99609847402178
24.78765191243405,120.99609847402178
24.78765191243405,120.99609847402178
24.78765191243405,120.99609847402178
24.78765191243405,120.99609847402178
24.78765191243405,120.99609847402178
24.78765191243405,120.99609847402178
24.78954432146184,120.99648126077976
24.78954432146184,120.99648126077976
24.78954432146184,120.99648126077976
24.78954432146184,120.99648126077976
24.78765191243405,120.99609847402178
24.78765191243405,120.99609847402178
24.78765191243405,120.99609847402178
24.78954878221101,120.9965358530929
24.78954878221101,120.9965358530929
24.78954878221101,120.9965358530929
24.787653422421467,120.99604006162193
24.787653422421467,120.99604006162193
24.787653422421467,120.99604006162193
24.78765475761216,120.99598129898725
24.78765475761216,120.99598129898725
24.78765475761216,120.99598129898725
24.7876367861354,120.99622942368045
24.78762789798424,120.9962935999881
24.78762789798424,120.9962935999881
24.78762789798424,120.9962935999881
24.787600982528936,120.99648774704704
24.787600982528936,120.99648774704704
24.787600982528936,120.99648774704704
24.787600982528936,120.99648774704704
24.787600982528936,120.99648774704704
24.787610337087017,120.99641905563657
24.787610337087017,120.99641905563657
24.787610337087017,120.99641905563657
24.787610337087017,120.99641905563657
24.787610337087017,120.99641905563657
24.78953367983366,120.99606931456722
24.78953367983366,120.99606931456722
24.78953367983366,120.99606931456722
24.78953367983366,120.99606931456722
24.78874280981535,120.99872885370633
24.787610337087017,120.99641905563657
24.787610337087017,120.99641905563657
24.78761951396164,120.99635286428143
24.78761951396164,120.99635286428143
24.78761951396164,120.99635286428143
24.78761951396164,120.99635286428143
24.78761951396164,120.99635286428143
24.78761951396164,120.99635286428143
24.78761951396164,120.99635286428143
24.78761951396164,120.99635286428143
24.78761951396164,120.99635286428143
24.78762789798424,120.9962935999881
24.78762789798424,120.9962935999881
24.78762789798424,120.9962935999881
24.78762789798424,120.9962935999881
24.787610337087017,120.99641905563657
24.78747627623947,120.9970295790638
24.787499023893066,120.99689933342214
24.78745701727638,120.99716843175804
24.78745701727638,120.99716843175804
24.787413994261765,120.99752904411778
24.787413994261765,120.99752904411778
24.78745701727638,120.99716843175804
24.78745701727638,120.99716843175804
24.78745701727638,120.99716843175804
24.78747627623947,120.9970295790638
24.78745701727638,120.99716843175804
24.787423590956493,120.99743080372474
24.787423590956493,120.99743080372474
24.787423590956493,120.99743080372474
24.787423590956493,120.99743080372474
24.7888852532636,120.99839089186824
24.7888852532636,120.99839089186824
24.787467369993703,120.99709490275887
24.787467369993703,120.99709490275887
24.787423590956493,120.99743080372474
24.7888852532636,120.99839089186824
24.78745701727638,120.99716843175804
24.788757983074603,120.99861627667588
24.787447911996374,120.997235142933
24.787447911996374,120.997235142933
24.787447911996374,120.997235142933
24.78743151349856,120.99736325025944
24.78743151349856,120.99736325025944
24.78743151349856,120.99736325025944
24.787413994261765,120.99752904411778
24.78745701727638,120.99716843175804
24.787447911996374,120.997235142933
24.787447911996374,120.997235142933
24.787447911996374,120.997235142933
24.787447911996374,120.997235142933
24.78745701727638,120.99716843175804
24.78745701727638,120.99716843175804
24.78745701727638,120.99716843175804
24.788757983074603,120.99861627667588
24.787447911996374,120.997235142933
24.7888852532636,120.99839089186824
24.787467369993703,120.99709490275887
24.789111762209966,120.99527998396988
24.78741325869204,120.99756724460453
24.787467369993703,120.99709490275887
24.787467369993703,120.99709490275887
24.787467369993703,120.99709490275887
24.787467369993703,120.99709490275887
24.78741325869204,120.99756724460453
24.78741325869204,120.99756724460453
24.78904916962268,120.99527871941726
24.789111762209966,120.99527998396988
24.78904916962268,120.99527871941726
24.787467369993703,120.99709490275887
24.787467369993703,120.99709490275887
24.78747627623947,120.9970295790638
24.78740576954433,120.99764078332772
24.78740576954433,120.99764078332772
24.78892785562981,120.9983365568133
24.78892785562981,120.9983365568133
24.78892785562981,120.9983365568133
24.78904916962268,120.99527871941726
24.78741629660534,120.99749043227912
24.78741325869204,120.99756724460453
24.788907694805843,120.99836226992788
24.789111762209966,120.99527998396988
24.788907694805843,120.99836226992788
24.78921928140344,120.99528215575714
24.78741629660534,120.99749043227912
24.788907694805843,120.99836226992788
24.78885983741932,120.99842330723148
24.78885983741932,120.99842330723148
24.787423590956493,120.99743080372474
24.787467369993703,120.99709490275887
24.78741325869204,120.99756724460453
24.78921928140344,120.99528215575714
24.78741325869204,120.99756724460453
24.78741325869204,120.99756724460453
24.78885983741932,120.99842330723148
24.78741325869204,120.99756724460453
24.7888852532636,120.99839089186824
24.78761951396164,120.99635286428143
24.78761951396164,120.99635286428143
24.78741629660534,120.99749043227912
24.78741629660534,120.99749043227912
24.78761951396164,120.99635286428143
24.78761951396164,120.99635286428143
24.78747627623947,120.9970295790638
24.78761951396164,120.99635286428143
24.78765849725428,120.99582222996388
24.78765849725428,120.99582222996388
24.78765849725428,120.99582222996388
24.789111762209966,120.99527998396988
24.789111762209966,120.99527998396988
24.789111762209966,120.99527998396988
24.78765976013974,120.9957664187406
24.78765976013974,120.9957664187406
24.78959375506804,120.99685999112828
24.78959375506804,120.99685999112828
24.78959375506804,120.99685999112828
24.78762789798424,120.9962935999881
24.78762789798424,120.9962935999881
24.78762789798424,120.9962935999881
24.78762789798424,120.9962935999881
24.78741629660534,120.99749043227912
24.787675988709044,120.99551380282432
24.787675988709044,120.99551380282432
24.7888852532636,120.99839089186824
24.7888852532636,120.99839089186824
24.78744074661322,120.99791798094324
24.78744074661322,120.99791798094324
24.78744074661322,120.99791798094324
24.78761951396164,120.99635286428143
24.7890683302826,120.99817316041565
24.78753440256049,120.99812154662922
24.7890683302826,120.99817316041565
24.78747627623947,120.9970295790638
24.78748674898,120.9969559186489
24.78802238770812,120.99892536787996
24.78802238770812,120.99892536787996
24.78802238770812,120.99892536787996
24.78802238770812,120.99892536787996
24.7890683302826,120.99817316041565
24.787991279491283,120.99887417955338
24.787991279491283,120.99887417955338
24.787991279491283,120.99887417955338
24.787991279491283,120.99887417955338
24.787991279491283,120.99887417955338
24.78747627623947,120.9970295790638
24.78783973178787,120.99524710789832
24.78783973178787,120.99524710789832
24.78783973178787,120.99524710789832
24.78747627623947,120.9970295790638
24.78747627623947,120.9970295790638
24.787896226479155,120.99871878999052
24.787896226479155,120.99871878999052
24.78748674898,120.9969559186489
24.787467369993703,120.99709490275887
24.787467369993703,120.99709490275887
24.78774765539979,120.9984793489294
24.78774765539979,120.9984793489294
24.78747627623947,120.9970295790638
24.787447911996374,120.997235142933
24.78741629660534,120.99749043227912
24.78825656719996,120.99930544341208
24.78825656719996,120.99930544341208
24.787423590956493,120.99743080372474
24.78753440256049,120.99812154662922
24.78753440256049,120.99812154662922
24.78774765539979,120.9984793489294
24.787423590956493,120.99743080372474
24.787423590956493,120.99743080372474
24.787447911996374,120.997235142933
24.78809854860073,120.9990493390823
24.78748674898,120.9969559186489
24.78809854860073,120.9990493390823
24.787447911996374,120.997235142933
24.787447911996374,120.997235142933
24.787447911996374,120.997235142933
24.78753138768521,120.99677303461937
24.78753138768521,120.99677303461937
24.78753138768521,120.99677303461937
24.78809854860073,120.9990493390823
24.78780955252357,120.99857906808894
24.78780955252357,120.99857906808894
24.78780955252357,120.99857906808894
24.78780955252357,120.99857906808894
24.78780955252357,120.99857906808894
24.78780955252357,120.99857906808894
24.78959375506804,120.99685999112828
24.78959375506804,120.99685999112828
24.78885983741932,120.99842330723148
24.78885983741932,120.99842330723148
24.78885983741932,120.99842330723148
24.78741629660534,120.99749043227912
24.787991279491283,120.99887417955338
24.787991279491283,120.99887417955338
24.787991279491283,120.99887417955338
24.787991279491283,120.99887417955338
24.78741629660534,120.99749043227912
24.78741629660534,120.99749043227912
24.78959375506804,120.99685999112828
24.787991279491283,120.99887417955338
24.7888852532636,120.99839089186824
24.78778254562329,120.99853537285463
24.78778254562329,120.99853537285463
24.78778254562329,120.99853537285463
24.78778254562329,120.99853537285463
24.78778254562329,120.99853537285463
24.7888852532636,120.99839089186824
24.7888852532636,120.99839089186824
24.78778254562329,120.99853537285463
24.78744182804459,120.99793635942484
24.78781877308821,120.998599798506
24.78781877308821,120.998599798506
24.78781877308821,120.998599798506
24.78781877308821,120.998599798506
24.78781877308821,120.998599798506
24.787783265384864,120.99854255297927
24.787783265384864,120.99854255297927
24.787783265384864,120.99854255297927
24.787746954631952,120.99848464296603
24.787746954631952,120.99848464296603
24.787746954631952,120.99848464296603
24.787746954631952,120.99848464296603
24.787746954631952,120.99848464296603
24.787746954631952,120.99848464296603
24.787746954631952,120.99848464296603
24.787746954631952,120.99848464296603
24.787746954631952,120.99848464296603
24.78770933601406,120.99842493176033
24.78770933601406,120.99842493176033
24.78770933601406,120.99842493176033
24.78766065731737,120.9983471131636
24.78781877308821,120.998599798506
24.78766065731737,120.9983471131636
24.78781877308821,120.998599798506
24.78781877308821,120.998599798506
24.78789570025399,120.9987231718119
24.78789570025399,120.9987231718119
24.78789570025399,120.9987231718119
24.787933157612624,120.99525342761484
24.787933157612624,120.99525342761484
24.787933157612624,120.99525342761484
24.789495084279626,120.99766545688284
24.789495084279626,120.99766545688284
24.789495084279626,120.99766545688284
24.787933157612624,120.99525342761484
24.787933157612624,120.99525342761484
24.787933157612624,120.99525342761484
24.789495084279626,120.99766545688284
24.789495084279626,120.99766545688284
24.78945755516246,120.99771460362008
24.78945755516246,120.99771460362008
24.78945755516246,120.99771460362008
24.78945755516246,120.99771460362008
24.78945755516246,120.99771460362008
24.78941226145404,120.99777534014378
24.78781877308821,120.998599798506
24.78781877308821,120.998599798506
24.78789570025399,120.9987231718119
24.78766065731737,120.9983471131636
24.78766065731737,120.9983471131636
24.78744182804459,120.99793635942484
24.78744182804459,120.99793635942484
24.78743889297554,120.99788647915096
24.78743889297554,120.99788647915096
24.78743889297554,120.99788647915096
24.78743889297554,120.99788647915096
24.78743889297554,120.99788647915096
24.78743889297554,120.99788647915096
24.78742235648709,120.99776888974834
24.78742235648709,120.99776888974834
24.78742235648709,120.99776888974834
24.78742235648709,120.99776888974834
24.78878996889984,120.99528304643098
24.78878996889984,120.99528304643098
24.78878996889984,120.99528304643098
24.78878996889984,120.99528304643098
24.78878996889984,120.99528304643098
24.78878996889984,120.99528304643098
24.78878996889984,120.99528304643098
24.788845080569484,120.9952850731778
24.788845080569484,120.9952850731778
24.78765294211158,120.99606234001446
24.78766065731737,120.9983471131636
24.78857268601752,120.9952715597928
24.78857268601752,120.9952715597928
24.78766065731737,120.9983471131636
24.78766065731737,120.9983471131636
24.787632987508943,120.99830131641852
24.787587878470298,120.99822664448016
24.787587878470298,120.99822664448016
24.787587878470298,120.99822664448016
24.787587878470298,120.99822664448016
24.787587878470298,120.99822664448016
24.788430779558325,120.99526514378202
24.788430779558325,120.99526514378202
24.788430779558325,120.99526514378202
24.78744880340418,120.99805490281952
24.78744880340418,120.99805490281952
24.78744880340418,120.99805490281952
24.78744513945937,120.99799263555482
24.78744513945937,120.99799263555482
24.78744513945937,120.99799263555482
24.789028785349217,120.99822123225178
24.789028785349217,120.99822123225178
24.789028785349217,120.99822123225178
24.789028785349217,120.99822123225178
24.78857268601752,120.9952715597928
24.78740942048532,120.99762669900151
24.78789413648554,120.99525431284604
24.78789413648554,120.99525431284604
24.78767196746292,120.99558087440386
24.78767196746292,120.99558087440386
24.78962349789116,120.99705044327402
24.78962349789116,120.99705044327402
24.787678556419653,120.99547103994072
24.787678556419653,120.99547103994072
24.787678556419653,120.99547103994072
24.787678556419653,120.99547103994072
24.787678556419653,120.99547103994072
24.787678556419653,120.99547103994072
24.787678556419653,120.99547103994072
24.78830577885555,120.99936343785714
24.78830577885555,120.99936343785714
24.787678556419653,120.99547103994072
24.787678556419653,120.99547103994072
24.78964297321045,120.99709763766224
24.78964297321045,120.99709763766224
24.78964297321045,120.99709763766224
24.788260640895043,120.99930776816576
24.788260640895043,120.99930776816576
24.78777111840516,120.99526032843436
24.789594230620622,120.99686332258652
24.78777111840516,120.99526032843436
24.789594230620622,120.99686332258652
24.789594230620622,120.99686332258652
24.7895473709199,120.99651858121048
24.7895473709199,120.99651858121048
24.7895473709199,120.99651858121048
24.787654007295355,120.99601597960977
24.787654007295355,120.99601597960977
24.787654007295355,120.99601597960977
24.787654007295355,120.99601597960977
24.787654007295355,120.99601597960977
24.787654007295355,120.99601597960977
24.789552258988977,120.9965784032145
24.789552258988977,120.9965784032145
24.789552258988977,120.9965784032145
24.787666184698168,120.9957427088903
24.787666184698168,120.9957427088903
24.787666184698168,120.9957427088903
24.787666184698168,120.9957427088903
24.787666184698168,120.9957427088903
24.787666184698168,120.9957427088903
24.787666184698168,120.9957427088903
24.789594230620622,120.99686332258652
24.789594230620622,120.99686332258652
24.789594230620622,120.99686332258652
24.78789413648554,120.99525431284604
24.78777111840516,120.99526032843436
24.78777111840516,120.99526032843436
24.78964243586787,120.99744723765124
24.788051884348384,120.99897674530784
24.788051884348384,120.99897674530784
24.788051884348384,120.99897674530784
24.788051884348384,120.99897674530784
24.788051884348384,120.99897674530784
24.788051884348384,120.99897674530784
24.788051884348384,120.99897674530784
24.788051884348384,120.99897674530784
24.788051884348384,120.99897674530784
24.788051884348384,120.99897674530784
24.7880121376498,120.99891197940212
24.7880121376498,120.99891197940212
24.78797632039426,120.99885392248788
24.78797632039426,120.99885392248788
24.78797632039426,120.99885392248788
24.787933263016,120.99878385549
24.787933263016,120.99878385549
24.787933263016,120.99878385549
24.787933263016,120.99878385549
24.78789413648554,120.99525431284604
24.78964243586787,120.99744723765124
24.78777111840516,120.99526032843436
24.78964243586787,120.99744723765124
24.788051884348384,120.99897674530784
24.78777111840516,120.99526032843436
24.78777111840516,120.99526032843436
24.78777111840516,120.99526032843436
24.78778902176489,120.99525223934867
24.78778902176489,120.99525223934867
24.78778902176489,120.99525223934867
24.78971819974437,120.99725469392556
24.78971819974437,120.99725469392556
24.78809521782932,120.99904669234584
24.787806066836268,120.9952526816832
24.787806066836268,120.9952526816832
24.787806066836268,120.9952526816832
24.78809521782932,120.99904669234584
24.78809521782932,120.99904669234584
24.78741220665665,120.9974104925915
24.78809521782932,120.99904669234584
24.788051884348384,120.99897674530784
24.788051884348384,120.99897674530784
24.788051884348384,120.99897674530784
24.788051884348384,120.99897674530784
24.788051884348384,120.99897674530784
24.788051884348384,120.99897674530784
24.78740942048532,120.99762669900151
24.78765294211158,120.99606234001446
24.787541969741124,120.99679206601658
24.78752392386144,120.99688203163466
24.78752392386144,120.99688203163466
24.78752392386144,120.99688203163466
24.787630959030498,120.9963191922922
24.787630959030498,120.9963191922922
24.787630959030498,120.9963191922922
24.78753300588026,120.99683085232073
24.78753300588026,120.99683085232073
24.78752392386144,120.99688203163466
24.78753300588026,120.99683085232073
24.78753300588026,120.99683085232073
24.787630959030498,120.9963191922922
24.787541969741124,120.99679206601658
24.787541969741124,120.99679206601658
24.787630959030498,120.9963191922922
24.787630959030498,120.9963191922922
24.78762355809984,120.99638055122848
24.78874264126529,120.99911528428282
24.78753300588026,120.99683085232073
24.78874264126529,120.99911528428282
24.78752392386144,120.99688203163466
24.78752392386144,120.99688203163466
24.78762355809984,120.99638055122848
24.787630959030498,120.9963191922922
24.78872492854921,120.9988691102885
24.78872492854921,120.9988691102885
24.78748986898811,120.99694962286196
24.78748986898811,120.99694962286196
24.78748986898811,120.99694962286196
24.78748986898811,120.99694962286196
24.78752392386144,120.99688203163466
24.78748986898811,120.99694962286196
24.78748986898811,120.99694962286196
24.787630959030498,120.9963191922922
24.78748986898811,120.99694962286196
24.78748986898811,120.99694962286196
24.78748986898811,120.99694962286196
24.78748986898811,120.99694962286196
24.78752392386144,120.99688203163466
24.78752392386144,120.99688203163466
24.78748986898811,120.99694962286196
24.78874264126529,120.99911528428282
24.78874264126529,120.99911528428282
24.78874264126529,120.99911528428282
24.78758416975575,120.99662204464286
24.78758416975575,120.99662204464286
24.78758416975575,120.99662204464286
24.789532780994616,120.9959479739487
24.789532780994616,120.9959479739487
24.789532780994616,120.9959479739487
24.789532780994616,120.9959479739487
24.787614627552383,120.99644855921716
24.78758416975575,120.99662204464286
24.787614627552383,120.99644855921716
24.78762355809984,120.99638055122848
24.78762355809984,120.99638055122848
24.78762355809984,120.99638055122848
24.78953171323512,120.9960411039339
24.78953171323512,120.9960411039339
24.78953171323512,120.9960411039339
24.78762355809984,120.99638055122848
24.78762355809984,120.99638055122848
24.787614627552383,120.99644855921716
24.78762355809984,120.99638055122848
24.78762355809984,120.99638055122848
24.78762355809984,120.99638055122848
24.78874264126529,120.99911528428282
24.78874264126529,120.99911528428282
24.7875742405061,120.99665655001444
24.7875742405061,120.99665655001444
24.7875742405061,120.99665655001444
24.7875742405061,120.99665655001444
24.7875742405061,120.99665655001444
24.7875742405061,120.99665655001444
24.7875742405061,120.99665655001444
24.7875742405061,120.99665655001444
24.78758416975575,120.99662204464286
24.78758416975575,120.99662204464286
24.78758416975575,120.99662204464286
24.78758416975575,120.99662204464286
24.78758416975575,120.99662204464286
24.78758416975575,120.99662204464286
24.78758416975575,120.99662204464286
24.78758416975575,120.99662204464286
24.78758416975575,120.99662204464286
24.787630959030498,120.9963191922922
24.787630959030498,120.9963191922922
24.787630959030498,120.9963191922922
24.789334074637,120.99530011976996
24.78742075568642,120.99759950236844
24.78742075568642,120.99759950236844
24.78742075568642,120.99759950236844
24.78742075568642,120.99759950236844
24.78742075568642,120.99759950236844
24.78742075568642,120.99759950236844
24.787422237624828,120.9975555764862
24.78742328457477,120.99752454404344
24.78742328457477,120.99752454404344
24.78742328457477,120.99752454404344
24.78742328457477,120.99752454404344
24.78742328457477,120.99752454404344
24.78742328457477,120.99752454404344
24.78742328457477,120.99752454404344
24.78764582113153,120.99621306560908
24.787638525739737,120.99625908436438
24.787638525739737,120.99625908436438
24.787638525739737,120.99625908436438
24.787630959030498,120.9963191922922
24.78742075568642,120.99759950236844
24.78742487581513,120.9974773783836
24.78742075568642,120.99759950236844
24.78742075568642,120.99759950236844
24.78765157039297,120.9961146262722
24.78765157039297,120.9961146262722
24.78765001804652,120.99617531484613
24.78765001804652,120.99617531484613
24.78765001804652,120.99617531484613
24.78765001804652,120.99617531484613
24.78765001804652,120.99617531484613
24.78765001804652,120.99617531484613
24.787418635760567,120.99766233870862
24.787418635760567,120.99766233870862
24.787418635760567,120.99766233870862
24.787418635760567,120.99766233870862
24.787418635760567,120.99766233870862
24.787418635760567,120.99766233870862
24.78742075568642,120.99759950236844
24.78765001804652,120.99617531484613
24.78765001804652,120.99617531484613
24.78764582113153,120.99621306560908
24.78742075568642,120.99759950236844
24.78742075568642,120.99759950236844
24.78742487581513,120.9974773783836
24.78742487581513,120.9974773783836
24.78741220665665,120.9974104925915
24.78919773362045,120.99526747927456
24.78741220665665,120.9974104925915
24.787638525739737,120.99625908436438
24.787638525739737,120.99625908436438
24.787638525739737,120.99625908436438
24.787638525739737,120.99625908436438
24.787638525739737,120.99625908436438
24.787638525739737,120.99625908436438
24.78741220665665,120.9974104925915
24.78741220665665,120.9974104925915
24.78741220665665,120.9974104925915
24.787638525739737,120.99625908436438
24.787638525739737,120.99625908436438
24.787630959030498,120.9963191922922
24.787630959030498,120.9963191922922
24.787630959030498,120.9963191922922
24.787630959030498,120.9963191922922
24.789334074637,120.99530011976996
24.78741220665665,120.9974104925915
24.78919773362045,120.99526747927456
24.78762355809984,120.99638055122848
24.78742487581513,120.9974773783836
24.78742487581513,120.9974773783836
24.78742487581513,120.9974773783836
24.78742487581513,120.9974773783836
24.78742487581513,120.9974773783836
24.78742487581513,120.9974773783836
24.78742487581513,120.9974773783836
24.78919773362045,120.99526747927456
24.78742487581513,120.9974773783836
24.78742487581513,120.9974773783836
24.78919773362045,120.99526747927456
24.78919773362045,120.99526747927456
24.78919773362045,120.99526747927456
24.78742487581513,120.9974773783836
24.787630959030498,120.9963191922922
24.78821966222018,120.9992458262982
24.787667479024087,120.9956897002136
24.787630959030498,120.9963191922922
24.78821966222018,120.9992458262982
24.78764582113153,120.99621306560908
24.78764582113153,120.99621306560908
24.787667479024087,120.9956897002136
24.789594230620622,120.99686332258652
24.789594230620622,120.99686332258652
24.787630959030498,120.9963191922922
24.78764582113153,120.99621306560908
24.78821966222018,120.9992458262982
24.788844595393368,120.99842539597464
24.787746954631952,120.99848464296603
24.78747437199396,120.9970376007451
24.78745085018147,120.99717583711916
24.78745085018147,120.99717583711916
24.787746954631952,120.99848464296603
24.787746954631952,120.99848464296603
24.787746954631952,120.99848464296603
24.787746954631952,120.99848464296603
24.78747437199396,120.9970376007451
24.787746954631952,120.99848464296603
24.78742235648709,120.99776888974834
24.78742235648709,120.99776888974834
24.78744513945937,120.99799263555482
24.787746954631952,120.99848464296603
24.78744513945937,120.99799263555482
24.787746954631952,120.99848464296603
24.78744513945937,120.99799263555482
24.787746954631952,120.99848464296603
24.78748986898811,120.99694962286196
24.78747437199396,120.9970376007451
24.78748986898811,120.99694962286196
24.788844595393368,120.99842539597464
24.787933263016,120.99878385549
24.787933263016,120.99878385549
24.787933263016,120.99878385549
24.787933263016,120.99878385549
24.787933263016,120.99878385549
24.78748986898811,120.99694962286196
24.78740942048532,120.99762669900151
24.78740942048532,120.99762669900151
24.78740942048532,120.99762669900151
24.787933263016,120.99878385549
24.788844595393368,120.99842539597464
24.78740942048532,120.99762669900151
24.78740942048532,120.99762669900151
24.78740942048532,120.99762669900151
24.78742235648709,120.99776888974834
24.78740942048532,120.99762669900151
24.78744880340418,120.99805490281952
24.78744513945937,120.99799263555482
24.78744513945937,120.99799263555482
24.78744880340418,120.99805490281952
24.78744880340418,120.99805490281952
24.788051884348384,120.99897674530784
24.789594230620622,120.99686332258652
24.788051884348384,120.99897674530784
24.78821966222018,120.9992458262982
24.788260640895043,120.99930776816576
24.788260640895043,120.99930776816576
24.788260640895043,120.99930776816576
24.78753300588026,120.99683085232073
24.78752392386144,120.99688203163466
24.78752392386144,120.99688203163466
24.78752392386144,120.99688203163466
24.788051884348384,120.99897674530784
24.789594230620622,120.99686332258652
24.789594230620622,120.99686332258652
24.787746954631952,120.99848464296603
24.787746954631952,120.99848464296603
24.787746954631952,120.99848464296603
24.787746954631952,120.99848464296603
24.787746954631952,120.99848464296603
24.787746954631952,120.99848464296603
24.787667479024087,120.9956897002136
24.787667479024087,120.9956897002136
24.787667479024087,120.9956897002136
24.787667479024087,120.9956897002136
24.789594230620622,120.99686332258652
24.789594230620622,120.99686332258652
24.7886260815816,120.99526551742817
24.787437264214702,120.9978587990415
24.787437264214702,120.9978587990415
24.787437264214702,120.9978587990415
24.787437264214702,120.9978587990415
24.78824710245068,120.99928980133237
24.78824710245068,120.99928980133237
24.78824710245068,120.99928980133237
24.787437264214702,120.9978587990415
24.787437264214702,120.9978587990415
24.787437264214702,120.9978587990415
24.787437264214702,120.9978587990415
24.787437264214702,120.9978587990415
24.78908882477858,120.99814695162748
24.78908882477858,120.99814695162748
24.78908882477858,120.99814695162748
24.78908882477858,120.99814695162748
24.78824710245068,120.99928980133237
24.78905245222675,120.99819079463194
24.78905245222675,120.99819079463194
24.78905245222675,120.99819079463194
24.78824710245068,120.99928980133237
24.7874209392306,120.99771833452716
24.7874209392306,120.99771833452716
24.7874209392306,120.99771833452716
24.78908882477858,120.99814695162748
24.7874209392306,120.99771833452716
24.7891252236052,120.99810291297574
24.7891252236052,120.99810291297574
24.789475345622435,120.99768084294053
24.787583239593065,120.99820238976152
24.787583239593065,120.99820238976152
24.787583239593065,120.99820238976152
24.787583239593065,120.99820238976152
24.78755118091785,120.99814932093906
24.78755118091785,120.99814932093906
24.78755118091785,120.99814932093906
24.78755118091785,120.99814932093906
24.78755118091785,120.99814932093906
24.788281746386417,120.99934410615346
24.7891252236052,120.99810291297574
24.788281746386417,120.99934410615346
24.787476015663326,120.99802489497915
24.787476015663326,120.99802489497915
24.787476015663326,120.99802489497915
24.787476015663326,120.99802489497915
24.787476015663326,120.99802489497915
24.78744086642395,120.99792001707848
24.78744086642395,120.99792001707848
24.78744086642395,120.99792001707848
24.78744086642395,120.99792001707848
24.78744086642395,120.99792001707848
24.78744086642395,120.99792001707848
24.787476015663326,120.99802489497915
24.7874209392306,120.99771833452716
24.7874209392306,120.99771833452716
24.7874209392306,120.99771833452716
24.787420731151364,120.9976002296193
24.787420731151364,120.9976002296193
24.787420731151364,120.9976002296193
24.78742187853555,120.99756622019868
24.78742187853555,120.99756622019868
24.78742187853555,120.99756622019868
24.78742187853555,120.99756622019868
24.78742187853555,120.99756622019868
24.78742187853555,120.99756622019868
24.78742187853555,120.99756622019868
24.78742262954705,120.99754395960618
24.787420731151364,120.9976002296193
24.78742262954705,120.99754395960618
24.78742262954705,120.99754395960618
24.78742262954705,120.99754395960618
24.78742262954705,120.99754395960618
24.78742262954705,120.99754395960618
24.78742262954705,120.99754395960618
24.78742262954705,120.99754395960618
24.78742262954705,120.99754395960618
24.78742262954705,120.99754395960618
24.78742262954705,120.99754395960618
24.78742262954705,120.99754395960618
24.787676200046548,120.99551027787764
24.78742262954705,120.99754395960618
24.787420731151364,120.9976002296193
24.787420731151364,120.9976002296193
24.788751446477832,120.99526900592222
24.7874209392306,120.99771833452716
24.789594690869137,120.99686654681042
24.789594690869137,120.99686654681042
24.789594690869137,120.99686654681042
24.7874209392306,120.99771833452716
24.7874209392306,120.99771833452716
24.7874209392306,120.99771833452716
24.7876518028089,120.99608954042196
24.7886260815816,120.99526551742817
24.7886260815816,120.99526551742817
24.78902101919096,120.9982285521121
24.78902101919096,120.9982285521121
24.78902101919096,120.9982285521121
24.78902101919096,120.9982285521121
24.78741892238108,120.99765384306151
24.78741892238108,120.99765384306151
24.789594690869137,120.99686654681042
24.789594690869137,120.99686654681042
24.788281746386417,120.99934410615346
24.78741892238108,120.99765384306151
24.78741892238108,120.99765384306151
24.787420731151364,120.9976002296193
24.787420731151364,120.9976002296193
24.787420731151364,120.9976002296193
24.788751446477832,120.99526900592222
24.789475345622435,120.99768084294053
24.789475345622435,120.99768084294053
24.789475345622435,120.99768084294053
24.789475345622435,120.99768084294053
24.78817266092073,120.9991684611225
24.78817266092073,120.9991684611225
24.78817266092073,120.9991684611225
24.78768383525197,120.995383294187
24.78768383525197,120.995383294187
24.78768383525197,120.995383294187
24.78768383525197,120.995383294187
24.78768383525197,120.995383294187
24.789711844411887,120.99729249516832
24.789711844411887,120.99729249516832
24.789711844411887,120.99729249516832
24.78817266092073,120.9991684611225
24.78768383525197,120.995383294187
24.78817266092073,120.9991684611225
24.78799817884521,120.99888214728618
24.78799817884521,120.99888214728618
24.78799817884521,120.99888214728618
24.789711844411887,120.99729249516832
24.789711844411887,120.99729249516832
24.789711844411887,120.99729249516832
24.7877759845146,120.99526165248722
24.7877759845146,120.99526165248722
24.7877759845146,120.99526165248722
24.787787994641096,120.99525844530346
24.78768383525197,120.995383294187
24.78817266092073,120.9991684611225
24.78813964729303,120.99911452576262
24.78803430849205,120.99894179551234
24.787676200046548,120.99551027787764
24.787676200046548,120.99551027787764
24.787676200046548,120.99551027787764
24.787676200046548,120.99551027787764
24.787676200046548,120.99551027787764
24.787676200046548,120.99551027787764
24.787676200046548,120.99551027787764
24.787676200046548,120.99551027787764
24.78813964729303,120.99911452576262
24.78813964729303,120.99911452576262
24.78813964729303,120.99911452576262
24.78813964729303,120.99911452576262
24.78813964729303,120.99911452576262
24.78810217614776,120.999053073712
24.78810217614776,120.999053073712
24.78810217614776,120.999053073712
24.78810217614776,120.999053073712
24.78806808965593,120.9989970355664
24.78806808965593,120.9989970355664
24.78806808965593,120.9989970355664
24.789723160875724,120.99722518533471
24.789723160875724,120.99722518533471
24.789723160875724,120.99722518533471
24.78803430849205,120.99894179551234
24.78803430849205,120.99894179551234
24.787787994641096,120.99525844530346
24.78742403014237,120.9975024448173
24.787787994641096,120.99525844530346
24.787787994641096,120.99525844530346
24.78781116368927,120.998579279425
24.78781116368927,120.998579279425
24.78781116368927,120.998579279425
24.78781116368927,120.998579279425
24.78781116368927,120.998579279425
24.78781116368927,120.998579279425
24.78781116368927,120.998579279425
24.78781116368927,120.998579279425
24.787776836385568,120.99852345730396
24.787776836385568,120.99852345730396
24.787776836385568,120.99852345730396
24.78789482989447,120.99524884739404
24.787776836385568,120.99852345730396
24.7879501109448,120.99525005909122
24.7879501109448,120.99525005909122
24.7879501109448,120.99525005909122
24.78773994791176,120.9984642213656
24.78773994791176,120.9984642213656
24.789475345622435,120.99768084294053
24.789475345622435,120.99768084294053
24.789475345622435,120.99768084294053
24.78773994791176,120.9984642213656
24.78773994791176,120.9984642213656
24.789475345622435,120.99768084294053
24.787776836385568,120.99852345730396
24.78789482989447,120.99524884739404
24.78786074059246,120.99524801806976
24.78786074059246,120.99524801806976
24.78779220955604,120.99525232207344
24.78793868158378,120.99878493895542
24.78793868158378,120.99878493895542
24.78793868158378,120.99878493895542
24.78793868158378,120.99878493895542
24.78779220955604,120.99525232207344
24.78779220955604,120.99525232207344
24.78779220955604,120.99525232207344
24.78779220955604,120.99525232207344
24.78790648996573,120.99873311604507
24.78790648996573,120.99873311604507
24.78790648996573,120.99873311604507
24.78784136291721,120.99862810317856
24.78784136291721,120.99862810317856
24.78784136291721,120.99862810317856
24.78784136291721,120.99862810317856
24.78784136291721,120.99862810317856
24.78784136291721,120.99862810317856
24.78817266092073,120.9991684611225
24.78817266092073,120.9991684611225
24.78824710245068,120.99928980133237
24.78824710245068,120.99928980133237
24.78824710245068,120.99928980133237
24.78824710245068,120.99928980133237
24.78786074059246,120.99524801806976
24.787787994641096,120.99525844530346
24.78742403014237,120.9975024448173
24.78742262954705,120.99754395960618
24.78742403014237,120.9975024448173
24.78760406436689,120.9964669342178
24.78953449976742,120.99595970355752
24.78953449976742,120.99595970355752
24.78953449976742,120.99595970355752
24.78760406436689,120.9964669342178
24.78760406436689,120.9964669342178
24.78760406436689,120.9964669342178
24.78760406436689,120.9964669342178
24.78760406436689,120.9964669342178
24.78760406436689,120.9964669342178
24.78760406436689,120.9964669342178
24.787611259263844,120.99640849641844
24.787611259263844,120.99640849641844
24.787653238865577,120.99602881748542
24.787653238865577,120.99602881748542
24.787653238865577,120.99602881748542
24.787653238865577,120.99602881748542
24.787653238865577,120.99602881748542
24.787611259263844,120.99640849641844
24.787611259263844,120.99640849641844
24.787611259263844,120.99640849641844
24.78761772124984,120.99635881022373
24.78761772124984,120.99635881022373
24.78761772124984,120.99635881022373
24.78761772124984,120.99635881022373
24.78760406436689,120.9964669342178
24.78761772124984,120.99635881022373
24.78760406436689,120.9964669342178
24.78759667667137,120.99652163717587
24.78872033183754,120.99889062717584
24.78749541673185,120.99692186158546
24.78749541673185,120.99692186158546
24.78749541673185,120.99692186158546
24.78749541673185,120.99692186158546
24.787499555464304,120.99691106079
24.787499555464304,120.99691106079
24.787499555464304,120.99691106079
24.787540700347645,120.99678874075694
24.787540700347645,120.99678874075694
24.78755574453755,120.9967164568995
24.78755574453755,120.9967164568995
24.78755574453755,120.9967164568995
24.78755574453755,120.9967164568995
24.78755574453755,120.9967164568995
24.78755574453755,120.9967164568995
24.78755574453755,120.9967164568995
24.78755574453755,120.9967164568995
24.78755574453755,120.9967164568995
24.78869615079072,120.9991153434666
24.78869615079072,120.9991153434666
24.78869615079072,120.9991153434666
24.78759667667137,120.99652163717587
24.78759667667137,120.99652163717587
24.78759667667137,120.99652163717587
24.78760406436689,120.9964669342178
24.78872033183754,120.99889062717584
24.78761772124984,120.99635881022373
24.78761772124984,120.99635881022373
24.78763125300079,120.99626676110525
24.78763125300079,120.99626676110525
24.78763806569742,120.9962267988338
24.78763806569742,120.9962267988338
24.78763806569742,120.9962267988338
24.78763806569742,120.9962267988338
24.78763806569742,120.9962267988338
24.78763806569742,120.9962267988338
24.78763806569742,120.9962267988338
24.78763806569742,120.9962267988338
24.78765034222538,120.99614646216872
24.78765034222538,120.99614646216872
24.78765034222538,120.99614646216872
24.78765034222538,120.99614646216872
24.78765034222538,120.99614646216872
24.78765034222538,120.99614646216872
24.7876518028089,120.99608954042196
24.7876518028089,120.99608954042196
24.78954960268092,120.99654589432696
24.78954960268092,120.99654589432696
24.78954960268092,120.99654589432696
24.78954960268092,120.99654589432696
24.78954960268092,120.99654589432696
24.78954960268092,120.99654589432696
24.7876518028089,120.99608954042196
24.78763125300079,120.99626676110525
24.78761772124984,120.99635881022373
24.787624232457887,120.9963143297322
24.787624232457887,120.9963143297322
24.78761772124984,120.99635881022373
24.78761772124984,120.99635881022373
24.78761772124984,120.99635881022373
24.78761772124984,120.99635881022373
24.787653238865577,120.99602881748542
24.787653238865577,120.99602881748542
24.7876518028089,120.99608954042196
24.7876518028089,120.99608954042196
24.7876518028089,120.99608954042196
24.787624232457887,120.9963143297322
24.787624232457887,120.9963143297322
24.787624232457887,120.9963143297322
24.787624232457887,120.9963143297322
24.7876518028089,120.99608954042196
24.7876518028089,120.99608954042196
24.7876518028089,120.99608954042196
24.7876518028089,120.99608954042196
24.7876518028089,120.99608954042196
24.787624232457887,120.9963143297322
24.787624232457887,120.9963143297322
24.787624232457887,120.9963143297322
24.787624232457887,120.9963143297322
24.78952953310357,120.99619942053108
24.78952953310357,120.99619942053108
24.78953015265516,120.99628002610312
24.787624232457887,120.9963143297322
24.78742403014237,120.9975024448173
24.78872033183754,120.99889062717584
24.78872745909017,120.99883785183856
24.78888911894218,120.99838596158338
24.78888911894218,120.99838596158338
24.78888911894218,120.99838596158338
24.78888911894218,120.99838596158338
24.78888911894218,120.99838596158338
24.78888911894218,120.99838596158338
24.78884022165312,120.99840289406382
24.787428396415145,120.99734645034918
24.787428396415145,120.99734645034918
24.787428396415145,120.99734645034918
24.787434027631367,120.9973105008388
24.787434027631367,120.9973105008388
24.787434027631367,120.9973105008388
24.787434027631367,120.9973105008388
24.787434027631367,120.9973105008388
24.787434027631367,120.9973105008388
24.787434027631367,120.9973105008388
24.787434027631367,120.9973105008388
24.787434027631367,120.9973105008388
24.789215285346987,120.99528123824015
24.789215285346987,120.99528123824015
24.789215285346987,120.99528123824015
24.787654924653147,120.9959603055129
24.787654924653147,120.9959603055129
24.787654924653147,120.9959603055129
24.78888911894218,120.99838596158338
24.787654924653147,120.9959603055129
24.78888911894218,120.99838596158338
24.78888911894218,120.99838596158338
24.78742403014237,120.9975024448173
24.78887435591292,120.9984047909115
24.78887435591292,120.9984047909115
24.78887435591292,120.9984047909115
24.788912449363075,120.998356205966
24.788912449363075,120.998356205966
24.788912449363075,120.998356205966
24.788912449363075,120.998356205966
24.788281746386417,120.99934410615346
24.788281746386417,120.99934410615346
24.787666025979664,120.99574920916784
24.787425518156763,120.99745833887587
24.787425518156763,120.99745833887587
24.787425518156763,120.99745833887587
24.787666025979664,120.99574920916784
24.787666025979664,120.99574920916784
24.787666025979664,120.99574920916784
24.78765845995242,120.99579743540347
24.78765845995242,120.99579743540347
24.78765845995242,120.99579743540347
24.78765845995242,120.99579743540347
24.787654924653147,120.9959603055129
24.78888911894218,120.99838596158338
24.78888911894218,120.99838596158338
24.78888911894218,120.99838596158338
24.78888911894218,120.99838596158338
24.78872033183754,120.99889062717584
24.787440217273904,120.9972653497198
24.787440217273904,120.9972653497198
24.787467162835163,120.9970966924395
24.787467162835163,120.9970966924395
24.787467162835163,120.9970966924395
24.787467162835163,120.9970966924395
24.787467162835163,120.9970966924395
24.787467162835163,120.9970966924395
24.787467162835163,120.9970966924395
24.787467162835163,120.9970966924395
24.787467162835163,120.9970966924395
24.787467162835163,120.9970966924395
24.787467162835163,120.9970966924395
24.787467162835163,120.9970966924395
24.787467162835163,120.9970966924395
24.787654924653147,120.9959603055129
24.78874396025797,120.99872207046846
24.78874396025797,120.99872207046846
24.787653238865577,120.99602881748542
24.787653238865577,120.99602881748542
24.78872745909017,120.99883785183856
24.78872745909017,120.99883785183856
24.78872745909017,120.99883785183856
24.78872745909017,120.99883785183856
24.78872745909017,120.99883785183856
24.78872745909017,120.99883785183856
24.78872745909017,120.99883785183856
24.78872745909017,120.99883785183856
24.787654924653147,120.9959603055129
24.787440217273904,120.9972653497198
24.787458455970786,120.99715063170234
24.787458455970786,120.99715063170234
24.787440217273904,120.9972653497198
24.787440217273904,120.9972653497198
24.787440217273904,120.9972653497198
24.7887672041498,120.9985538357274
24.7887672041498,120.9985538357274
24.7887672041498,120.9985538357274
24.7887672041498,120.9985538357274
24.7887672041498,120.9985538357274
24.787458455970786,120.99715063170234
24.7887672041498,120.9985538357274
24.787676200046548,120.99551027787764
24.788759210662672,120.99861236150667
24.787458455970786,120.99715063170234
24.787458455970786,120.99715063170234
24.788759210662672,120.99861236150667
24.788759210662672,120.99861236150667
24.787458455970786,120.99715063170234
24.788759210662672,120.99861236150667
24.788759210662672,120.99861236150667
24.788759210662672,120.99861236150667
24.788759210662672,120.99861236150667
24.78799817884521,120.99888214728618
24.78824710245068,120.99928980133237
24.789594690869137,120.99686654681042
24.789594690869137,120.99686654681042
24.789594690869137,120.99686654681042
24.78824710245068,120.99928980133237
24.78824710245068,120.99928980133237
24.7876518028089,120.99608954042196
24.78810217614776,120.999053073712
24.7874209392306,120.99771833452716
24.7874209392306,120.99771833452716
24.7874209392306,120.99771833452716
24.7874209392306,120.99771833452716
24.78898328614073,120.99827394411668
24.78898328614073,120.99827394411668
24.78898328614073,120.99827394411668
24.788912449363075,120.998356205966
24.788912449363075,120.998356205966
24.787624232457887,120.9963143297322
24.78810217614776,120.999053073712
24.788912449363075,120.998356205966
24.788912449363075,120.998356205966
24.78747621583104,120.997042300504
24.78761772124984,120.99635881022373
24.78761772124984,120.99635881022373
24.788912449363075,120.998356205966
24.788912449363075,120.998356205966
24.78761772124984,120.99635881022373
24.787611259263844,120.99640849641844
24.787611259263844,120.99640849641844
24.787611259263844,120.99640849641844
24.787611259263844,120.99640849641844
24.787611259263844,120.99640849641844
24.789215285346987,120.99528123824015
24.789215285346987,120.99528123824015
24.789215285346987,120.99528123824015
24.789215285346987,120.99528123824015
24.78761772124984,120.99635881022373
24.7874209392306,120.99771833452716
24.7874209392306,120.99771833452716
24.7874209392306,120.99771833452716
24.78810217614776,120.999053073712
24.78810217614776,120.999053073712
24.787676200046548,120.99551027787764
24.787676200046548,120.99551027787764
24.787676200046548,120.99551027787764
24.787676200046548,120.99551027787764
24.787678748826075,120.99546784170995
24.787678748826075,120.99546784170995
24.78810217614776,120.999053073712
24.78799817884521,120.99888214728618
24.78799817884521,120.99888214728618
24.78799817884521,120.99888214728618
24.7874209392306,120.99771833452716
24.78799817884521,120.99888214728618
24.78799817884521,120.99888214728618
24.78799817884521,120.99888214728618
24.7874209392306,120.99771833452716
24.7874209392306,120.99771833452716
24.787624232457887,120.9963143297322
24.787624232457887,120.9963143297322
24.78799817884521,120.99888214728618
24.787624232457887,120.9963143297322
24.787624232457887,120.9963143297322
24.787624232457887,120.9963143297322
24.7876518028089,120.99608954042196
24.7876518028089,120.99608954042196
24.78784136291721,120.99862810317856
24.78784136291721,120.99862810317856
24.787624232457887,120.9963143297322
24.78747621583104,120.997042300504
24.787481590042745,120.99700136607244
24.787481590042745,120.99700136607244
24.787666025979664,120.99574920916784
24.787666025979664,120.99574920916784
24.78784136291721,120.99862810317856
24.78784136291721,120.99862810317856
24.789594690869137,120.99686654681042
24.789594690869137,120.99686654681042
24.789594690869137,120.99686654681042
24.789594690869137,120.99686654681042
24.789594690869137,120.99686654681042
24.789594690869137,120.99686654681042
24.78784136291721,120.99862810317856
24.787437264214702,120.9978587990415
24.787437264214702,120.9978587990415
24.787437264214702,120.9978587990415
24.787437264214702,120.9978587990415
24.78781116368927,120.998579279425
24.788912449363075,120.998356205966
24.788912449363075,120.998356205966
24.788912449363075,120.998356205966
24.788912449363075,120.998356205966
24.788912449363075,120.998356205966
